Marca,Modelo,Version completa,Desde (€/mes)
ALFA ROMEO,JUNIOR,ALFA ROMEO JUNIOR IBRIDA TI 1.2 VGT,365
ALFA ROMEO,JUNIOR,Alfa Romeo Junior Ibrida Ti 108kW (145CV),442
AUDI,A1,AUDI A1 SB ADRENALIN EDITION 30TFSI 116CV STRONIC,329
AUDI,A1,Audi A1 Sportback Adrenalin 30 TFSI 85kW S tron,381
BMW,IX1,BMW iX1 eDrive20,676
BMW,SERIE 1,BMW Serie 1 120,519
BMW,SERIE 1,BMW Serie 1 120d,526
BYD,ATTO,BYD ATTO ATTO 2 DM-i,405
BYD,ATTO 2,BYD Atto 2 DM-i Boost,490
BYD,DOLPHIN,BYD DOLPHIN DOLPHIN SURF BOOST,381
BYD,DOLPHIN SURF,BYD Dolphin Surf Boost,461
CITROEN,BERLINGO,CITROEN BERLINGO VAN FURGÓN M,335
CITROEN,BERLINGO,Citroën Berlingo Talla M BlueHDi 100,405
CITROEN,E BERLINGO,Citroën ë-Berlingo ë-Berlingo Van M Carga Incr 100kW 50kWh,652
CITROEN,E-BERLINGO,CITROEN eBERLINGO VAN TALLA M,539
DACIA,SANDERO,DACIA SANDERO STEPWAY EXPRESSION ECO-G 120 AUTO,256
EBRO,S400,EBRO S400 1.5 DHE HEV EXCELLENCE CVT,362
EBRO,S800,EBRO S800 1.5 TGDI PHEV Luxury E-CVT,600
HYUNDAI,TUCSON,HYUNDAI TUCSON 1.6T 239CV HEV AT KLASS,367
JAECOO,5,JAECOO 5 HEV EXCLUSIVE 1.5T DHE + 2 MOTORES ELÉCTRICOS 224 CV,369
JAECOO,5,JAECOO 5 BEV EXCLUSIVE 211CV,493
JAECOO,7,JAECOO 7 PHEV BUSINESS,447
JAECOO,8,JAECOO 8 PHEV EXCLUSIVE 1.5 TGDI 428CV 7 plazas,635
KIA,PV5,KIA PV5 Passenger L2H1 Long Range Plus,592
KIA,PV5,KIA PV5 Cargo L2H1 Long Range Essential,613
KIA,PV5 CARGO,KIA PV5 CARGO L2H1 LR ESSENITIAL,507
KIA,PV5 PASSENGER,KIA PV5 PASSENGER L2H1 LR PLUS,489
LANCIA,YPSILON,LANCIA YPSILON LX IBRIDA,309
MASERATI,GRECALE,Maserati Grecale L4 MHEV 300CV AWD,1441
MAZDA,2,MAZDA 2 HYBRID 2026 1.5 85KW 116CV CVT CENTRE-LINE,283
MAZDA,3,MAZDA 3 2027 2.5L e-SKYACTUV H MHEV 140CV 6MT FWD PRIME-LINE,266
MAZDA,3,MAZDA 3 2027 2.5L e-SKYACTUV H MHEV 140CV 6AT FWD CENTRE-LINE,301
MAZDA,CX-30,MAZDA CX-30 2027 2.5L e-SKYACTIV H MHEV 140CV 6MT FWD PRIME-LINE,309
MAZDA,CX-30,MAZDA CX-30 AT 2027 2.5L e-SKYACTIV H MHEV 140CV 6AT PFWD PRIME-LINE,328
MAZDA,CX-5,MAZDA CX-5 2.5 e-SKYACTIV-G 141CV FWD AUT CENTRE-LINE,404
MAZDA,CX-60,MAZDA CX-60 2.5L e-SKYACTIV PHEV AWD 241kW (327 CV) 8AT EXCLUSIVE-LINE,552
MERCEDES BENZ,CITAN,Mercedes-Benz CITAN 110 CDI 70kW Furgón Base Cargo,417
MERCEDES BENZ,CITAN,Mercedes-Benz CITAN 110 CDI 70kW Tourer Base,490
MERCEDES BENZ,CLA,Mercedes-Benz CLA CLA 250+ con tecnología EQ,984
MERCEDES BENZ,CLA,Mercedes-Benz CLA CLA 250+ SB con tecnología EQ,1062
MERCEDES BENZ,CLASE GLE,Mercedes-Benz Clase GLE GLE 350 de 4MATIC,1496
MERCEDES BENZ,GLB,Mercedes-Benz GLB GLB 250+,1015
MERCEDES BENZ,GLC,Mercedes-Benz GLC GLC 220 d 4MATIC,928
MERCEDES BENZ,GLC,Mercedes-Benz GLC GLC 200 4MATIC,1020
MERCEDES BENZ,GLC,Mercedes-Benz GLC GLC 400 4MATIC con tecnología EQ,1326
MERCEDES BENZ,GLC COUPE,Mercedes-Benz GLC Coupé GLC 300 de 4MATIC,1003
MERCEDES BENZ,GLE COUPE,Mercedes-Benz GLE Coupé,1407
MG,MG3,MG3 Hybrid+ Business MY25.5,325
MG,MG3,MG3 1.5 Comfort,426
MG,ZS,MG ZS Hybrid+ Business,369
NISSAN,INTERSTAR,"Nissan Interstar Furgón L2H2 3,5T 96kW FWD Acenta",498
NISSAN,JUKE,Nissan Juke 1.6 Hybrid 105kW (145CV) N-Connecta,386
NISSAN,MICRA,Nissan Micra Standard Range 4x2 N-Connecta,514
NISSAN,QASHQAI,Nissan Qashqai DIG-T 103kW (140CV) mHEV 4x2 Acenta,333
NISSAN,QASHQAI,NISSAN QASHQAI DIG-T MILD HYBRID 12V ACENTA,351
NISSAN,TOWNSTAR,Nissan Townstar 2 plazas 45kWh-90kW L2 Comfort,600
OMODA,5,OMODA 5 HEV BUSINESS,340
OMODA,7,OMODA 7 PHEV PREMIUM,553
OMODA,9,OMODA 9 SHS PREMIUM 1.5 TGDI 3DHT 395kW (537CV) AWD,621
OPEL,COMBO E,Opel Combo-e Cargo M 800kg Eléctrico 100kW Batería 5,638
OPEL,COMBO-E,OPEL COMBO-e CARGO M 800KG,527
OPEL,CORSA,OPEL CORSA GS 1.2T,244
OPEL,CORSA,Opel Corsa 1.2T XHL 74kW (100CV) GS,299
OPEL,FRONTERA,OPEL FRONTERA GS 1.2 T XHT HYBRID eDCT6 S/S,319
OPEL,FRONTERA,Opel Frontera 1.2T XHT Hybrid eDCT6 75kW GS,394
OPEL,MOKKA,Opel Mokka 1.2 T XHT Hybrid eDCT6 GS,342
PEUGEOT,208,Peugeot 208 Allure Gasolina 100 S&S 6 Vel. MAN,295
PEUGEOT,BOXER,Peugeot Boxer 3.0 L2 H1 BHDI 88kW (120CV),511
PEUGEOT,BOXER,Peugeot Boxer 3.3 L2 H2 BHDI 103kW (140CV),519
PEUGEOT,RIFTER,PEUGEOT RIFTER ACTIVE BUSINESS STANDARD N1 BLUEHDi 100 S/S,309
PEUGEOT,RIFTER,Peugeot Rifter Active Business Standard BlueHDi 100,374
RENAULT,AUSTRAL,RENAULT AUSTRAL EVOLUTION E-TECH FULL HYBRID,411
RENAULT,CAPTUR,RENAULT CAPTUR EVOLUTION ECO-G SS,259
RENAULT,SYMBIOZ,RENAULT SYMBIOZ EVOLUTION E-TECH FULL HYBRID,320
SEAT,LEON,SEAT LEON 2.0 TDI CR ST/SP STYLE XL,339
SKODA,ELROQ,ŠKODA ELROQ 85 82 kWh BATTERIE 210 KW (286 CV),450
SKODA,FABIA,Skoda Fabia 1.5 TSI 110KW (150CV) DSG Plus,320
SKODA,KAMIQ,ŠKODA KAMIQ SELECTION 1.0 TSI 115CV MANUAL,271
SKODA,KAMIQ,ŠKODA KAMIQ SELECTION 1.0 TSI 115CV DSG,290
SKODA,KAROQ,ŠKODA KAROQ 2.0 TDI 110kW 150CV DSG 7 vel.,421
SKODA,OCTAVIA,ŠKODA OCTAVIA LIMO SELECTION 2.0 TDI 150CV DSG 7vel,364
SKODA,OCTAVIA,ŠKODA OCTAVIA COMBI SELECTION 2.0 TDI 150CV DSG 7vel,375
TOYOTA,C-HR,TOYOTA C-HR ADVANCE HYBRID 140 e-CVT,389
TOYOTA,HILUX,TOYOTA HILUX DOBLE CABINA GX 2.4B 150CV 6AT 4X4,550
TOYOTA,PROACE CITY,TOYOTA PROACE CITY VAN L1 GX,322
TOYOTA,PROACE CITY,TOYOTA PROACE CITY VAN L1 GX PLUS,328
TOYOTA,PROACE CITY,TOYOTA PROACE CITY COMBI L2 GX PLUS 100 CV,334
TOYOTA,PROACE MAX,TOYOTA PROACE MAX L3H2 GX 140 CV,475
TOYOTA,YARIS,TOYOTA YARIS ACTIVE 120H 116CV,269
TOYOTA,YARIS CROSS,TOYOTA YARIS CROSS ACTIVE PLUS 130H ACTIVE,341
VOLKSWAGEN,POLO,VOLKSWAGEN POLO MATCH 1.0 TSI 70kW 95CV,271
VOLKSWAGEN,T-ROC,"VOLKSWAGEN T-ROC ""MÁS"" 1.5 eTSI 85kW 116CV DSG",358
VOLKSWAGEN,TIGUAN,"VOLKSWAGEN TIGUAN ""MÁS"" 1.5 eTSI 110KW 150CV DSG 7vel",410
