Marca,Modelo,Desde (€/mes),Fuente,URL en myrenting.es,URL oferta origen
Opel,Corsa,244,"M Automoción, Quadis",https://myrenting.es/renting-opel-corsa.html,https://m-renting.com/oferta-renting-particular-opel-corsa#/30-kms_al_ano-10000_kms/33-plazos-60_meses
Dacia,Sandero,256,M Automoción,https://myrenting.es/renting-dacia-sandero.html,https://m-renting.com/oferta-renting-particular-dacia-sandero#/30-kms_al_ano-10000_kms/33-plazos-60_meses
Renault,Captur,259,M Automoción,https://myrenting.es/renting-renault-captur.html,https://m-renting.com/oferta-renting-autonomo-renault-captur#/30-kms_al_ano-10000_kms/33-plazos-60_meses
Mazda,3,266,M Automoción,https://myrenting.es/renting-mazda-3.html,https://m-renting.com/oferta-renting-particular-mazda-3-mt#/30-kms_al_ano-10000_kms/33-plazos-60_meses
Toyota,Yaris,270,M Automoción,https://myrenting.es/renting-toyota-yaris.html,https://m-renting.com/oferta-renting-particular-toyota-yaris#/30-kms_al_ano-10000_kms/43-plazos-72_meses
Skoda,Kamiq,271,M Automoción,https://myrenting.es/renting-skoda-kamiq.html,https://m-renting.com/oferta-renting-particular-skoda-kamiq#/31-kms_al_ano-15000_kms/32-plazos-48_meses
Volkswagen,Polo,272,M Automoción,https://myrenting.es/renting-volkswagen-polo.html,https://m-renting.com/oferta-renting-particular-volkswagen-polo#/30-kms_al_ano-10000_kms/33-plazos-60_meses
Mazda,2,284,M Automoción,https://myrenting.es/renting-mazda-2.html,https://m-renting.com/oferta-renting-particular-mazda-2-blanco#/30-kms_al_ano-10000_kms/33-plazos-60_meses
Peugeot,208,295,Quadis,https://myrenting.es/renting-peugeot-208.html,https://www.quadis.es/coches-renting/peugeot/208/208-allure-gasolina-100-ss-6-vel-man/512258
Lancia,Ypsilon,309,M Automoción,https://myrenting.es/renting-lancia-ypsilon.html,https://m-renting.com/oferta-renting-particular-lancia-ypsilon#/30-kms_al_ano-10000_kms/33-plazos-60_meses
Peugeot,Rifter,309,"M Automoción, Quadis",https://myrenting.es/renting-peugeot-rifter.html,https://m-renting.com/oferta-renting-autonomo-peugeot-rifter#/30-kms_al_ano-10000_kms/33-plazos-60_meses
Mazda,Cx-30,309,M Automoción,https://myrenting.es/renting-mazda-cx-30.html,https://m-renting.com/oferta-renting-particular-mazda-cx-30-mt-blanco#/30-kms_al_ano-10000_kms/33-plazos-60_meses
Opel,Frontera,319,"M Automoción, Quadis",https://myrenting.es/renting-opel-frontera.html,https://m-renting.com/oferta-renting-particular-opel-frontera#/30-kms_al_ano-10000_kms/33-plazos-60_meses
Renault,Symbioz,320,M Automoción,https://myrenting.es/renting-renault-symbioz.html,https://m-renting.com/oferta-renting-praticular-renault-symbioz#/30-kms_al_ano-10000_kms/33-plazos-60_meses
Skoda,Fabia,320,Quadis,https://myrenting.es/renting-skoda-fabia.html,https://www.quadis.es/coches-renting/skoda/fabia/fabia-15-tsi-110kw-150cv-dsg-plus/520823
Toyota,Proace City,323,M Automoción,https://myrenting.es/renting-toyota-proace-city.html,https://m-renting.com/oferta-renting-autonomo-toyota-proace-city-gx#/30-kms_al_ano-10000_kms/33-plazos-60_meses
Mg,Mg3,325,Quadis,https://myrenting.es/renting-mg-mg3.html,https://www.quadis.es/coches-renting/mg/mg3/3-hybrid-business-my255/515717
Mazda,Cx-30 At,328,M Automoción,https://myrenting.es/renting-mazda-cx-30-at.html,https://m-renting.com/oferta-renting-particular-mazda-cx-30-at#/30-kms_al_ano-10000_kms/33-plazos-60_meses
Audi,A1,329,"M Automoción, Quadis",https://myrenting.es/renting-audi-a1.html,https://m-renting.com/oferta-renting-particular-audi-a1#/30-kms_al_ano-10000_kms/33-plazos-60_meses
Nissan,Qashqai,333,"M Automoción, Quadis",https://myrenting.es/renting-nissan-qashqai.html,https://m-renting.com/oferta-renting-particular-nissan-qashqai#/30-kms_al_ano-10000_kms/33-plazos-60_meses
Citroen,Berlingo,335,"M Automoción, Quadis",https://myrenting.es/renting-citroen-berlingo.html,https://m-renting.com/oferta-renting-autonomo-citroen-berlingo#/30-kms_al_ano-10000_kms/33-plazos-60_meses
Seat,Leon,339,M Automoción,https://myrenting.es/renting-seat-leon.html,https://m-renting.com/oferta-renting-particular-seat-leon#/30-kms_al_ano-10000_kms/33-plazos-60_meses
Omoda,5,340,M Automoción,https://myrenting.es/renting-omoda-5.html,https://m-renting.com/oferta-renting-particular-omoda-5#/30-kms_al_ano-10000_kms/33-plazos-60_meses
Toyota,Yaris Cross,341,M Automoción,https://myrenting.es/renting-toyota-yaris-cross.html,https://m-renting.com/oferta-renting-particulares-toyota-yaris-cross#/30-kms_al_ano-10000_kms/33-plazos-60_meses
Opel,Mokka,342,Quadis,https://myrenting.es/renting-opel-mokka.html,https://www.quadis.es/coches-renting/opel/mokka/mokka-12-t-xht-hybrid-edct6-gs/514117
Volkswagen,T-Roc,358,M Automoción,https://myrenting.es/renting-volkswagen-t-roc.html,https://m-renting.com/oferta-renting-particular-volkswagen-t-roc-gris#/30-kms_al_ano-10000_kms/33-plazos-60_meses
Ebro,S400,363,M Automoción,https://myrenting.es/renting-ebro-s400.html,https://m-renting.com/oferta-renting-particulares-ebro-s400-blanco#/30-kms_al_ano-10000_kms/33-plazos-60_meses
Skoda,Octavia,364,M Automoción,https://myrenting.es/renting-skoda-octavia.html,https://m-renting.com/oferta-renting-particular-skoda-octavia
Alfa Romeo,Junior,365,"M Automoción, Quadis",https://myrenting.es/renting-alfa-romeo-junior.html,https://m-renting.com/oferta-renting-autonomo-alfa-romeo-junior#/30-kms_al_ano-10000_kms/33-plazos-60_meses
Hyundai,Tucson,367,M Automoción,https://myrenting.es/renting-hyundai-tucson.html,https://m-renting.com/oferta-renting-partculares-hyundai-tucson-hev#/30-kms_al_ano-10000_kms/33-plazos-60_meses
Mg,Zs,369,Quadis,https://myrenting.es/renting-mg-zs.html,https://www.quadis.es/coches-renting/mg/zs/zs-hybrid-business/522422
Jaecoo,5,369,M Automoción,https://myrenting.es/renting-jaecoo-5.html,https://m-renting.com/oferta-renting-particular-jaecoo-5#/30-kms_al_ano-10000_kms/33-plazos-60_meses
Byd,Dolphin,381,M Automoción,https://myrenting.es/renting-byd-dolphin.html,https://m-renting.com/oferta-renting-particular-byd-dolphin#/30-kms_al_ano-10000_kms/33-plazos-60_meses
Nissan,Juke,386,Quadis,https://myrenting.es/renting-nissan-juke.html,https://www.quadis.es/coches-renting/nissan/juke/juke-16-hybrid-105kw-145cv-n-connecta/511312
Toyota,C-Hr,389,M Automoción,https://myrenting.es/renting-toyota-c-hr.html,https://m-renting.com/oferta-renting-particular-toyota-c-hr-mhev#/30-kms_al_ano-10000_kms/33-plazos-60_meses
Mazda,Cx-5,404,M Automoción,https://myrenting.es/renting-mazda-cx-5.html,https://m-renting.com/oferta-renting-autonomo-mazda-cx-5#/30-kms_al_ano-10000_kms/33-plazos-60_meses
Byd,Atto,405,M Automoción,https://myrenting.es/renting-byd-atto.html,https://m-renting.com/oferta-renting-particular-byd-atto#/30-kms_al_ano-10000_kms/33-plazos-60_meses
Volkswagen,Tiguan,411,M Automoción,https://myrenting.es/renting-volkswagen-tiguan.html,https://m-renting.com/oferta-renting-particular-volkswagen-tiguan#/30-kms_al_ano-10000_kms/33-plazos-60_meses
Renault,Austral,411,M Automoción,https://myrenting.es/renting-renault-austral.html,https://m-renting.com/oferta-renting-particular-renault-austral#/30-kms_al_ano-10000_kms/33-plazos-60_meses
Mercedes Benz,Citan,417,Quadis,https://myrenting.es/renting-mercedes-benz-citan.html,https://www.quadis.es/coches-renting/mercedes-benz/citan/citan-110-cdi-70kw-tourer-base/504803
Skoda,Karoq,421,M Automoción,https://myrenting.es/renting-skoda-karoq.html,https://m-renting.com/oferta-renting-particular-skoda-karoq
Jaecoo,7,448,M Automoción,https://myrenting.es/renting-jaecoo-7.html,https://m-renting.com/oferta-renting-particular-jaecoo-7
Skoda,Elroq,450,M Automoción,https://myrenting.es/renting-skoda-elroq.html,https://m-renting.com/oferta-renting-particular-skoda-elroq
Byd,Dolphin Surf,461,Quadis,https://myrenting.es/renting-byd-dolphin-surf.html,https://www.quadis.es/coches-renting/byd/dolphin-surf/dolphin-surf-boost/507194
Toyota,Proace Max,475,M Automoción,https://myrenting.es/renting-toyota-proace-max.html,https://m-renting.com/oferta-renting-empresa-toyota-proace-max-gx#/30-kms_al_ano-10000_kms/33-plazos-60_meses
Kia,Pv5 Passenger,489,M Automoción,https://myrenting.es/renting-kia-pv5-passenger.html,https://m-renting.com/oferta-renting-autonomo-kia-pv5-passenger
Byd,Atto 2,490,Quadis,https://myrenting.es/renting-byd-atto-2.html,https://www.quadis.es/coches-renting/byd/atto-2/atto-2-dm-i-boost/522122
Nissan,Interstar,498,Quadis,https://myrenting.es/renting-nissan-interstar.html,https://www.quadis.es/furgonetas-renting/nissan/interstar/interstar-furgon-l2h2-35t-96kw-fwd-acenta/516831
Kia,Pv5 Cargo,507,M Automoción,https://myrenting.es/renting-kia-pv5-cargo.html,https://m-renting.com/oferta-renting-autonomo-kia-pv5-cargo#/30-kms_al_ano-10000_kms/33-plazos-60_meses
Peugeot,Boxer,511,Quadis,https://myrenting.es/renting-peugeot-boxer.html,https://www.quadis.es/furgonetas-renting/peugeot/boxer/boxer-30-l2-h1-bhdi-88kw-120cv/510515
Nissan,Micra,514,Quadis,https://myrenting.es/renting-nissan-micra.html,https://www.quadis.es/coches-renting/nissan/micra/micra-standard-range-4x2-n-connecta/516821
Bmw,Serie 1,519,Quadis,https://myrenting.es/renting-bmw-serie-1.html,https://www.quadis.es/coches-renting/bmw/serie-1/serie-1-120/523043
Citroen,Opel Combo-E,527,M Automoción,https://myrenting.es/renting-citroen-opel-combo-e.html,https://m-renting.com/oferta-renting-autonomo-opel-combo-e#/30-kms_al_ano-10000_kms/33-plazos-60_meses
Citroen,Eberlingo,539,M Automoción,https://myrenting.es/renting-citroen-eberlingo.html,https://m-renting.com/oferta-renting-autonomo-citroen-eberlingo#/30-kms_al_ano-10000_kms/33-plazos-60_meses
Toyota,Hilux,550,M Automoción,https://myrenting.es/renting-toyota-hilux.html,https://m-renting.com/oferta-renting-autonomo-toyota-hilux#/30-kms_al_ano-10000_kms/33-plazos-60_meses
Mazda,Cx-60,553,M Automoción,https://myrenting.es/renting-mazda-cx-60.html,https://m-renting.com/oferta-renting-particular-mazda-cx-60-phev#/30-kms_al_ano-10000_kms/33-plazos-60_meses
Omoda,7,554,M Automoción,https://myrenting.es/renting-omoda-7.html,https://m-renting.com/oferta-renting-particular-omoda-7
Kia,Pv5,592,Quadis,https://myrenting.es/renting-kia-pv5.html,https://www.quadis.es/coches-renting/kia/pv5/pv5-passenger-l2h1-long-range-plus/523064
Ebro,S800,600,Quadis,https://myrenting.es/renting-ebro-s800.html,https://www.quadis.es/coches-renting/ebro/s800/s800-15-tgdi-phev-luxury-e-cvt/522997
Nissan,Townstar,600,Quadis,https://myrenting.es/renting-nissan-townstar.html,https://www.quadis.es/furgonetas-renting/nissan/townstar/townstar-2-plazas-45kwh-90kw-l2-comfort/516822
Omoda,9,621,M Automoción,https://myrenting.es/renting-omoda-9.html,https://m-renting.com/oferta-renting-particular-omoda-9#/30-kms_al_ano-10000_kms/33-plazos-60_meses
Jaecoo,8,636,M Automoción,https://myrenting.es/renting-jaecoo-8.html,https://m-renting.com/oferta-renting-particular-jaecoo-8#/30-kms_al_ano-10000_kms/33-plazos-60_meses
Opel,Combo E,638,Quadis,https://myrenting.es/renting-opel-combo-e.html,https://www.quadis.es/furgonetas-renting/opel/combo-e/combo-e-cargo-m-800kg-electrico-100kw-bateria-5/523059
Citroen,E Berlingo,652,Quadis,https://myrenting.es/renting-citroen-e-berlingo.html,https://www.quadis.es/furgonetas-renting/citroen/e-berlingo/e-berlingo-e-berlingo-van-m-carga-incr-100kw-50kwh/523057
Bmw,Ix1,676,Quadis,https://myrenting.es/renting-bmw-ix1.html,https://www.quadis.es/coches-renting/bmw/ix1/ix1-edrive20/523044
Mercedes Benz,Glc,928,Quadis,https://myrenting.es/renting-mercedes-benz-glc.html,https://www.quadis.es/coches-renting/mercedes-benz/glc/glc-glc-220-d-4matic/510235
Mercedes Benz,Cla,984,Quadis,https://myrenting.es/renting-mercedes-benz-cla.html,https://www.quadis.es/coches-renting/mercedes-benz/cla/cla-cla-250-con-tecnologia-eq/516823
Mercedes Benz,Glc Coupe,1003,Quadis,https://myrenting.es/renting-mercedes-benz-glc-coupe.html,https://www.quadis.es/coches-renting/mercedes-benz/glc-coupe/glc-coupe-glc-300-de-4matic/510233
Mercedes Benz,Glb,1015,Quadis,https://myrenting.es/renting-mercedes-benz-glb.html,https://www.quadis.es/coches-renting/mercedes-benz/glb/glb-glb-250/516830
Mercedes Benz,Gle Coupe,1407,Quadis,https://myrenting.es/renting-mercedes-benz-gle-coupe.html,https://www.quadis.es/coches-renting/mercedes-benz/gle-coupe/gle-coupe/499613
Maserati,Grecale,1441,Quadis,https://myrenting.es/renting-maserati-grecale.html,https://www.quadis.es/coches-renting/maserati/grecale/grecale-l4-mhev-300cv-awd/511649
Mercedes Benz,Clase Gle,1496,Quadis,https://myrenting.es/renting-mercedes-benz-clase-gle.html,https://www.quadis.es/coches-renting/mercedes-benz/clase-gle/clase-gle-350-de-4matic/499649
