Marca,Modelo,Version,Potencia,Combustible,Consumo,Plazas
OPEL,CORSA,OPEL CORSA GS 1.2T,100 CV,Gasolina,"5,5 L/100",5
DACIA,SANDERO,DACIA SANDERO STEPWAY EXPRESSION ECO-G 120 AUTO,120 CV,GLP,"6,5 L/100",5
RENAULT,CAPTUR,RENAULT CAPTUR EVOLUTION ECO-G SS,140 CV,GLP,"5,8 L/100",5
MAZDA,3,MAZDA 3 2027 2.5L e-SKYACTUV H MHEV 140CV 6MT FWD PRIME-LINE,140 CV,Híbrido,"5,3 L/100",5
TOYOTA,YARIS,TOYOTA YARIS ACTIVE 120H 116CV,116 CV,Híbrido,"4,5 L/100",5
SKODA,KAMIQ,ŠKODA KAMIQ SELECTION 1.0 TSI 115CV MANUAL,115 CV,Gasolina,"5,8 L/100",5
VOLKSWAGEN,POLO,VOLKSWAGEN POLO MATCH 1.0 TSI 70kW 95CV,95 CV,Gasolina,"5,3 L/100",5
MAZDA,2,MAZDA 2 HYBRID 2026 1.5 85KW 116CV CVT CENTRE-LINE,116 CV,Híbrido,"3,8 L/100",5
SKODA,KAMIQ,ŠKODA KAMIQ SELECTION 1.0 TSI 115CV DSG,115 CV,Gasolina,"5,8 L/100",5
PEUGEOT,208,Peugeot 208 Allure Gasolina 100 S&S 6 Vel. MAN,100 CV,Gasolina,"5,3 L/100",5
OPEL,CORSA,Opel Corsa 1.2T XHL 74kW (100CV) GS,100 CV,Gasolina,"5,5 L/100",5
MAZDA,3,MAZDA 3 2027 2.5L e-SKYACTUV H MHEV 140CV 6AT FWD CENTRE-LINE,140 CV,Híbrido,"5,3 L/100",5
LANCIA,YPSILON,LANCIA YPSILON LX IBRIDA,110 CV,Híbrido,"5,9 L/100",5
PEUGEOT,RIFTER,PEUGEOT RIFTER ACTIVE BUSINESS STANDARD N1 BLUEHDi 100 S/S,102 CV,Diésel,"5,4 L/100",5
MAZDA,CX-30,MAZDA CX-30 2027 2.5L e-SKYACTIV H MHEV 140CV 6MT FWD PRIME-LINE,140 CV,Híbrido,"6,5 L/100",5
OPEL,FRONTERA,OPEL FRONTERA GS 1.2 T XHT HYBRID eDCT6 S/S,102 CV,Híbrido,"6,5 L/100",5
RENAULT,SYMBIOZ,RENAULT SYMBIOZ EVOLUTION E-TECH FULL HYBRID,145 CV,Híbrido,"4,7 L/100",5
SKODA,FABIA,Skoda Fabia 1.5 TSI 110KW (150CV) DSG Plus,150 CV,Gasolina,"6,5 L/100",5
TOYOTA,PROACE CITY,TOYOTA PROACE CITY VAN L1 GX,100 CV,Diésel,"5,5 L/100",2
MG,MG3,MG3 Hybrid+ Business MY25.5,194 CV,Híbrido,"4,4 L/100",5
MAZDA,CX-30,MAZDA CX-30 AT 2027 2.5L e-SKYACTIV H MHEV 140CV 6AT PFWD PRIME-LINE,140 CV,Híbrido,"6,5 L/100",5
TOYOTA,PROACE CITY,TOYOTA PROACE CITY VAN L1 GX PLUS,100 CV,Diésel,"5,5 L/100",2
AUDI,A1,AUDI A1 SB ADRENALIN EDITION 30TFSI 116CV STRONIC,116 CV,Gasolina,"5,4 L/100",5
NISSAN,QASHQAI,Nissan Qashqai DIG-T 103kW (140CV) mHEV 4x2 Acenta,140 CV,Híbrido,"6,5 L/100",5
TOYOTA,PROACE CITY,TOYOTA PROACE CITY COMBI L2 GX PLUS 100 CV,100 CV,Diésel,"5,5 L/100",5
CITROEN,BERLINGO,CITROEN BERLINGO VAN FURGÓN M,102 CV,Diésel,"5,1 L/100",3
SEAT,LEON,SEAT LEON 2.0 TDI CR ST/SP STYLE XL,150 CV,Diésel,"5,1 L/100",5
OMODA,5,OMODA 5 HEV BUSINESS,224 CV,Híbrido,"6,5 L/100",5
TOYOTA,YARIS CROSS,TOYOTA YARIS CROSS ACTIVE PLUS 130H ACTIVE,130 CV,Híbrido,"4,5 L/100",5
OPEL,MOKKA,Opel Mokka 1.2 T XHT Hybrid eDCT6 GS,136 CV,Híbrido,"5,1 L/100",5
NISSAN,QASHQAI,NISSAN QASHQAI DIG-T MILD HYBRID 12V ACENTA,140 CV,Híbrido,"6,5 L/100",5
VOLKSWAGEN,T-ROC,"VOLKSWAGEN T-ROC ""MÁS"" 1.5 eTSI 85kW 116CV DSG",116 CV,Gasolina,"5,1 L/100",5
EBRO,S400,EBRO S400 1.5 DHE HEV EXCELLENCE CVT,211 CV,Híbrido,"5,5 L/100",5
SKODA,OCTAVIA,ŠKODA OCTAVIA LIMO SELECTION 2.0 TDI 150CV DSG 7vel,150 CV,Diésel,"4,7 L/100",5
ALFA ROMEO,JUNIOR,ALFA ROMEO JUNIOR IBRIDA TI 1.2 VGT,145 CV,Híbrido,"5,0 L/100",5
HYUNDAI,TUCSON,HYUNDAI TUCSON 1.6T 239CV HEV AT KLASS,239 CV,Híbrido,"6,5 L/100",5
MG,ZS,MG ZS Hybrid+ Business,197 CV,Híbrido,"6,5 L/100",5
JAECOO,5,JAECOO 5 HEV EXCLUSIVE 1.5T DHE + 2 MOTORES ELÉCTRICOS 224 CV,224 CV,Híbrido,"5,3 L/100",5
PEUGEOT,RIFTER,Peugeot Rifter Active Business Standard BlueHDi 100,102 CV,Diésel,"5,4 L/100",5
SKODA,OCTAVIA,ŠKODA OCTAVIA COMBI SELECTION 2.0 TDI 150CV DSG 7vel,150 CV,Diésel,"4,7 L/100",5
BYD,DOLPHIN,BYD DOLPHIN DOLPHIN SURF BOOST,88 CV,Eléctrico,"16 kWh/100",4
AUDI,A1,Audi A1 Sportback Adrenalin 30 TFSI 85kW S tron,116 CV,Gasolina,"5,4 L/100",5
NISSAN,JUKE,Nissan Juke 1.6 Hybrid 105kW (145CV) N-Connecta,145 CV,Híbrido,"6,5 L/100",5
TOYOTA,C-HR,TOYOTA C-HR ADVANCE HYBRID 140 e-CVT,140 CV,Híbrido,"4,8 L/100",5
OPEL,FRONTERA,Opel Frontera 1.2T XHT Hybrid eDCT6 75kW GS,102 CV,Híbrido,"6,5 L/100",5
MAZDA,CX-5,MAZDA CX-5 2.5 e-SKYACTIV-G 141CV FWD AUT CENTRE-LINE,141 CV,Gasolina,"5,1 L/100",5
BYD,ATTO,BYD ATTO ATTO 2 DM-i,212 CV,Híbrido enchufable,"3,1 L/100",5
CITROEN,BERLINGO,Citroën Berlingo Talla M BlueHDi 100,102 CV,Diésel,"5,1 L/100",5
VOLKSWAGEN,TIGUAN,"VOLKSWAGEN TIGUAN ""MÁS"" 1.5 eTSI 110KW 150CV DSG 7vel",150 CV,Gasolina,"5,1 L/100",5
RENAULT,AUSTRAL,RENAULT AUSTRAL EVOLUTION E-TECH FULL HYBRID,200 CV,Híbrido,"4,6 L/100",5
MERCEDES BENZ,CITAN,Mercedes-Benz CITAN 110 CDI 70kW Furgón Base Cargo,95 CV,Diésel,"5,5 L/100",3
SKODA,KAROQ,ŠKODA KAROQ 2.0 TDI 110kW 150CV DSG 7 vel.,150 CV,Diésel,"5,3 L/100",5
MG,MG3,MG3 1.5 Comfort,116 CV,Gasolina,"6,1 L/100",5
ALFA ROMEO,JUNIOR,Alfa Romeo Junior Ibrida Ti 108kW (145CV),145 CV,Híbrido,"5,0 L/100",5
JAECOO,7,JAECOO 7 PHEV BUSINESS,279 CV,Híbrido enchufable,"2,4 L/100",5
SKODA,ELROQ,ŠKODA ELROQ 85 82 kWh BATTERIE 210 KW (286 CV),286 CV,Eléctrico,"15,8 kWh/100",5
BYD,DOLPHIN SURF,BYD Dolphin Surf Boost,88 CV,Eléctrico,"16 kWh/100",4
TOYOTA,PROACE MAX,TOYOTA PROACE MAX L3H2 GX 140 CV,140 CV,Diésel,"8,5 L/100",3
KIA,PV5 PASSENGER,KIA PV5 PASSENGER L2H1 LR PLUS,163 CV,Eléctrico,"16,3 kWh/100",5
MERCEDES BENZ,CITAN,Mercedes-Benz CITAN 110 CDI 70kW Tourer Base,95 CV,Diésel,"5,5 L/100",5
BYD,ATTO 2,BYD Atto 2 DM-i Boost,212 CV,Híbrido enchufable,"3,1 L/100",5
JAECOO,5,JAECOO 5 BEV EXCLUSIVE 211CV,211 CV,Eléctrico,"15,5 kWh/100",5
NISSAN,INTERSTAR,"Nissan Interstar Furgón L2H2 3,5T 96kW FWD Acenta",131 CV,Diésel,"7,6 L/100",3
KIA,PV5 CARGO,KIA PV5 CARGO L2H1 LR ESSENITIAL,163 CV,Eléctrico,"19 kWh/100",3
PEUGEOT,BOXER,Peugeot Boxer 3.0 L2 H1 BHDI 88kW (120CV),120 CV,Diésel,"5,1 L/100",3
NISSAN,MICRA,Nissan Micra Standard Range 4x2 N-Connecta,122 CV,Eléctrico,"14,2 kWh/100",5
BMW,SERIE 1,BMW Serie 1 120,170 CV,Gasolina,"5,3 L/100",5
PEUGEOT,BOXER,Peugeot Boxer 3.3 L2 H2 BHDI 103kW (140CV),140 CV,Diésel,"5,1 L/100",3
BMW,SERIE 1,BMW Serie 1 120d,163 CV,Diésel,"4,4 L/100",5
OPEL,COMBO-E,OPEL COMBO-e CARGO M 800KG,136 CV,Eléctrico,"19 kWh/100",3
CITROEN,E-BERLINGO,CITROEN eBERLINGO VAN TALLA M,136 CV,Eléctrico,"19 kWh/100",3
TOYOTA,HILUX,TOYOTA HILUX DOBLE CABINA GX 2.4B 150CV 6AT 4X4,150 CV,Diésel,"7,5 L/100",5
MAZDA,CX-60,MAZDA CX-60 2.5L e-SKYACTIV PHEV AWD 241kW (327 CV) 8AT EXCLUSIVE-LINE,327 CV,Híbrido enchufable,"1,5 L/100",5
OMODA,7,OMODA 7 PHEV PREMIUM,279 CV,Híbrido enchufable,"2,3 L/100",5
KIA,PV5,KIA PV5 Passenger L2H1 Long Range Plus,163 CV,Eléctrico,"16,3 kWh/100",5
EBRO,S800,EBRO S800 1.5 TGDI PHEV Luxury E-CVT,279 CV,Híbrido enchufable,"2,5 L/100",7
NISSAN,TOWNSTAR,Nissan Townstar 2 plazas 45kWh-90kW L2 Comfort,122 CV,Eléctrico,"18,2 kWh/100",2
KIA,PV5,KIA PV5 Cargo L2H1 Long Range Essential,163 CV,Eléctrico,"19 kWh/100",3
OMODA,9,OMODA 9 SHS PREMIUM 1.5 TGDI 3DHT 395kW (537CV) AWD,537 CV,Híbrido enchufable,"1,7 L/100",5
JAECOO,8,JAECOO 8 PHEV EXCLUSIVE 1.5 TGDI 428CV 7 plazas,428 CV,Híbrido enchufable,"2,1 L/100",7
OPEL,COMBO E,Opel Combo-e Cargo M 800kg Eléctrico 100kW Batería 5,136 CV,Eléctrico,"19 kWh/100",3
CITROEN,E BERLINGO,Citroën ë-Berlingo ë-Berlingo Van M Carga Incr 100kW 50kWh,136 CV,Eléctrico,"19 kWh/100",3
BMW,IX1,BMW iX1 eDrive20,204 CV,Eléctrico,"18,5 kWh/100",5
MERCEDES BENZ,GLC,Mercedes-Benz GLC GLC 220 d 4MATIC,197 CV,Diésel,"5,5 L/100",5
MERCEDES BENZ,CLA,Mercedes-Benz CLA CLA 250+ con tecnología EQ,272 CV,Eléctrico,"13,1 kWh/100",5
MERCEDES BENZ,GLC COUPE,Mercedes-Benz GLC Coupé GLC 300 de 4MATIC,333 CV,Híbrido enchufable,"1,7 L/100",5
MERCEDES BENZ,GLB,Mercedes-Benz GLB GLB 250+,272 CV,Eléctrico,"15,8 kWh/100",7
MERCEDES BENZ,GLC,Mercedes-Benz GLC GLC 200 4MATIC,204 CV,Híbrido,"7,1 L/100",5
MERCEDES BENZ,CLA,Mercedes-Benz CLA CLA 250+ SB con tecnología EQ,272 CV,Eléctrico,"13,1 kWh/100",5
MERCEDES BENZ,GLC,Mercedes-Benz GLC GLC 400 4MATIC con tecnología EQ,489 CV,Eléctrico,"16 kWh/100",5
MERCEDES BENZ,GLE COUPE,Mercedes-Benz GLE Coupé,286 CV,Diésel,"7,5 L/100",5
MASERATI,GRECALE,Maserati Grecale L4 MHEV 300CV AWD,300 CV,Híbrido,"8,8 L/100",5
MERCEDES BENZ,CLASE GLE,Mercedes-Benz Clase GLE GLE 350 de 4MATIC,320 CV,Híbrido enchufable,"1,3 L/100",5
