Modelo,Slug,URL,Title,Meta description,H1,Frase GEO
Alfa Romeo Junior,alfa-romeo-junior,https://myrenting.es/renting/alfa-romeo-junior/,Renting Alfa Romeo Junior desde 365€/mes | MyRenting,"Renting del Alfa Romeo Junior por 365€/mes a 60 meses, híbrido, etiqueta ECO. Sin entrada, con seguro y mantenimiento. Compara ofertas reales.",Renting Alfa Romeo Junior,"El renting del Alfa Romeo Junior cuesta desde 365 €/mes a 60 meses (Híbrido, 145 CV, consumo 5,0 L/100, 5 plazas, etiqueta DGT ECO), sin entrada e incluyendo seguro y mantenimiento."
Audi A1,audi-a1,https://myrenting.es/renting/audi-a1/,Renting Audi A1 desde 329€/mes | MyRenting,"Renting del Audi A1 por 329€/mes a 60 meses, gasolina, etiqueta C. Sin entrada, con seguro y mantenimiento. Compara ofertas reales.",Renting Audi A1,"El renting del Audi A1 cuesta desde 329 €/mes a 60 meses (Gasolina, 116 CV, consumo 5,4 L/100, 5 plazas, etiqueta DGT C), sin entrada e incluyendo seguro y mantenimiento."
BMW iX1,bmw-ix1,https://myrenting.es/renting/bmw-ix1/,Renting BMW iX1 desde 676€/mes | MyRenting,"Renting del BMW iX1 por 676€/mes a 60 meses, eléctrico, etiqueta CERO. Sin entrada, con seguro y mantenimiento. Compara ofertas reales.",Renting BMW iX1,"El renting del BMW iX1 cuesta desde 676 €/mes a 60 meses (Eléctrico, 204 CV, consumo 18,5 kWh/100, 5 plazas, etiqueta DGT CERO), sin entrada e incluyendo seguro y mantenimiento."
BMW Serie 1,bmw-serie-1,https://myrenting.es/renting/bmw-serie-1/,Renting BMW Serie 1 desde 519€/mes | MyRenting,"Renting del BMW Serie 1 por 519€/mes a 60 meses, gasolina, etiqueta C. Sin entrada, con seguro y mantenimiento. Compara ofertas reales.",Renting BMW Serie 1,"El renting del BMW Serie 1 cuesta desde 519 €/mes a 60 meses (Gasolina, 170 CV, consumo 5,3 L/100, 5 plazas, etiqueta DGT C), sin entrada e incluyendo seguro y mantenimiento."
BYD Atto,byd-atto,https://myrenting.es/renting/byd-atto/,Renting BYD Atto desde 405€/mes | MyRenting,"Renting del BYD Atto por 405€/mes a 60 meses, híbrido enchufable. Sin entrada, con seguro y mantenimiento. Compara ofertas reales.",Renting BYD Atto,"El renting del BYD Atto cuesta desde 405 €/mes a 60 meses (Híbrido enchufable, 212 CV, consumo 3,1 L/100, 5 plazas), sin entrada e incluyendo seguro y mantenimiento."
BYD Atto 2,byd-atto-2,https://myrenting.es/renting/byd-atto-2/,Renting BYD Atto 2 desde 490€/mes | MyRenting,"Renting del BYD Atto 2 por 490€/mes a 60 meses, híbrido enchufable, etiqueta ECO. Sin entrada, con seguro y mantenimiento. Compara ofertas reales.",Renting BYD Atto 2,"El renting del BYD Atto 2 cuesta desde 490 €/mes a 60 meses (Híbrido enchufable, 212 CV, consumo 3,1 L/100, 5 plazas, etiqueta DGT ECO), sin entrada e incluyendo seguro y mantenimiento."
BYD Dolphin,byd-dolphin,https://myrenting.es/renting/byd-dolphin/,Renting BYD Dolphin desde 381€/mes | MyRenting,"Renting del BYD Dolphin por 381€/mes a 60 meses, eléctrico. Sin entrada, con seguro y mantenimiento. Compara ofertas reales.",Renting BYD Dolphin,"El renting del BYD Dolphin cuesta desde 381 €/mes a 60 meses (Eléctrico, 88 CV, consumo 16 kWh/100, 4 plazas), sin entrada e incluyendo seguro y mantenimiento."
BYD Dolphin Surf,byd-dolphin-surf,https://myrenting.es/renting/byd-dolphin-surf/,Renting BYD Dolphin Surf desde 461€/mes | MyRenting,"Renting del BYD Dolphin Surf por 461€/mes a 60 meses, eléctrico, etiqueta CERO. Sin entrada, con seguro y mantenimiento. Compara ofertas reales.",Renting BYD Dolphin Surf,"El renting del BYD Dolphin Surf cuesta desde 461 €/mes a 60 meses (Eléctrico, 88 CV, consumo 16 kWh/100, 4 plazas, etiqueta DGT CERO), sin entrada e incluyendo seguro y mantenimiento."
Citroen Berlingo,citroen-berlingo,https://myrenting.es/renting/citroen-berlingo/,Renting Citroen Berlingo desde 335€/mes | MyRenting,"Renting del Citroen Berlingo por 335€/mes a 60 meses, diésel, etiqueta C. Sin entrada, con seguro y mantenimiento. Compara ofertas reales.",Renting Citroen Berlingo,"El renting del Citroen Berlingo cuesta desde 335 €/mes a 60 meses (Diésel, 102 CV, consumo 5,1 L/100, 3 plazas, etiqueta DGT C), sin entrada e incluyendo seguro y mantenimiento."
Citroen E-Berlingo,citroen-e-berlingo,https://myrenting.es/renting/citroen-e-berlingo/,Renting Citroen E-Berlingo desde 539€/mes | MyRenting,"Renting del Citroen E-Berlingo por 539€/mes a 60 meses, eléctrico. Sin entrada, con seguro y mantenimiento. Compara ofertas reales.",Renting Citroen E-Berlingo,"El renting del Citroen E-Berlingo cuesta desde 539 €/mes a 60 meses (Eléctrico, 136 CV, consumo 19 kWh/100, 3 plazas), sin entrada e incluyendo seguro y mantenimiento."
Dacia Sandero,dacia-sandero,https://myrenting.es/renting/dacia-sandero/,Renting Dacia Sandero desde 256€/mes | MyRenting,"Renting del Dacia Sandero por 256€/mes a 60 meses, glp, etiqueta C. Sin entrada, con seguro y mantenimiento. Compara ofertas reales.",Renting Dacia Sandero,"El renting del Dacia Sandero cuesta desde 256 €/mes a 60 meses (GLP, 120 CV, consumo 6,5 L/100, 5 plazas, etiqueta DGT C), sin entrada e incluyendo seguro y mantenimiento."
Ebro S400,ebro-s400,https://myrenting.es/renting/ebro-s400/,Renting Ebro S400 desde 363€/mes | MyRenting,"Renting del Ebro S400 por 363€/mes a 60 meses, híbrido, etiqueta ECO. Sin entrada, con seguro y mantenimiento. Compara ofertas reales.",Renting Ebro S400,"El renting del Ebro S400 cuesta desde 363 €/mes a 60 meses (Híbrido, 211 CV, consumo 5,5 L/100, 5 plazas, etiqueta DGT ECO), sin entrada e incluyendo seguro y mantenimiento."
Ebro S800,ebro-s800,https://myrenting.es/renting/ebro-s800/,Renting Ebro S800 desde 600€/mes | MyRenting,"Renting del Ebro S800 por 600€/mes a 60 meses, híbrido enchufable, etiqueta ECO. Sin entrada, con seguro y mantenimiento. Compara ofertas reales.",Renting Ebro S800,"El renting del Ebro S800 cuesta desde 600 €/mes a 60 meses (Híbrido enchufable, 279 CV, consumo 2,5 L/100, 7 plazas, etiqueta DGT ECO), sin entrada e incluyendo seguro y mantenimiento."
Hyundai Tucson,hyundai-tucson,https://myrenting.es/renting/hyundai-tucson/,Renting Hyundai Tucson desde 367€/mes | MyRenting,"Renting del Hyundai Tucson por 367€/mes a 60 meses, híbrido, etiqueta ECO. Sin entrada, con seguro y mantenimiento. Compara ofertas reales.",Renting Hyundai Tucson,"El renting del Hyundai Tucson cuesta desde 367 €/mes a 60 meses (Híbrido, 239 CV, consumo 6,5 L/100, 5 plazas, etiqueta DGT ECO), sin entrada e incluyendo seguro y mantenimiento."
Jaecoo 5,jaecoo-5,https://myrenting.es/renting/jaecoo-5/,Renting Jaecoo 5 desde 369€/mes | MyRenting,"Renting del Jaecoo 5 por 369€/mes a 60 meses, híbrido, etiqueta CERO. Sin entrada, con seguro y mantenimiento. Compara ofertas reales.",Renting Jaecoo 5,"El renting del Jaecoo 5 cuesta desde 369 €/mes a 60 meses (Híbrido, 224 CV, consumo 5,3 L/100, 5 plazas, etiqueta DGT CERO), sin entrada e incluyendo seguro y mantenimiento."
Jaecoo 7,jaecoo-7,https://myrenting.es/renting/jaecoo-7/,Renting Jaecoo 7 desde 448€/mes | MyRenting,"Renting del Jaecoo 7 por 448€/mes a 60 meses, híbrido enchufable, etiqueta ECO. Sin entrada, con seguro y mantenimiento. Compara ofertas reales.",Renting Jaecoo 7,"El renting del Jaecoo 7 cuesta desde 448 €/mes a 60 meses (Híbrido enchufable, 279 CV, consumo 2,4 L/100, 5 plazas, etiqueta DGT ECO), sin entrada e incluyendo seguro y mantenimiento."
Jaecoo 8,jaecoo-8,https://myrenting.es/renting/jaecoo-8/,Renting Jaecoo 8 desde 636€/mes | MyRenting,"Renting del Jaecoo 8 por 636€/mes a 60 meses, híbrido enchufable, etiqueta ECO. Sin entrada, con seguro y mantenimiento. Compara ofertas reales.",Renting Jaecoo 8,"El renting del Jaecoo 8 cuesta desde 636 €/mes a 60 meses (Híbrido enchufable, 428 CV, consumo 2,1 L/100, 7 plazas, etiqueta DGT ECO), sin entrada e incluyendo seguro y mantenimiento."
KIA PV5,kia-pv5,https://myrenting.es/renting/kia-pv5/,Renting KIA PV5 desde 592€/mes | MyRenting,"Renting del KIA PV5 por 592€/mes a 60 meses, eléctrico, etiqueta CERO. Sin entrada, con seguro y mantenimiento. Compara ofertas reales.",Renting KIA PV5,"El renting del KIA PV5 cuesta desde 592 €/mes a 60 meses (Eléctrico, 163 CV, consumo 16,3 kWh/100, 5 plazas, etiqueta DGT CERO), sin entrada e incluyendo seguro y mantenimiento."
KIA PV5 Cargo,kia-pv5-cargo,https://myrenting.es/renting/kia-pv5-cargo/,Renting KIA PV5 Cargo desde 507€/mes | MyRenting,"Renting del KIA PV5 Cargo por 507€/mes a 60 meses, eléctrico. Sin entrada, con seguro y mantenimiento. Compara ofertas reales.",Renting KIA PV5 Cargo,"El renting del KIA PV5 Cargo cuesta desde 507 €/mes a 60 meses (Eléctrico, 163 CV, consumo 19 kWh/100, 3 plazas), sin entrada e incluyendo seguro y mantenimiento."
KIA PV5 Passenger,kia-pv5-passenger,https://myrenting.es/renting/kia-pv5-passenger/,Renting KIA PV5 Passenger desde 489€/mes | MyRenting,"Renting del KIA PV5 Passenger por 489€/mes a 60 meses, eléctrico. Sin entrada, con seguro y mantenimiento. Compara ofertas reales.",Renting KIA PV5 Passenger,"El renting del KIA PV5 Passenger cuesta desde 489 €/mes a 60 meses (Eléctrico, 163 CV, consumo 16,3 kWh/100, 5 plazas), sin entrada e incluyendo seguro y mantenimiento."
Lancia Ypsilon,lancia-ypsilon,https://myrenting.es/renting/lancia-ypsilon/,Renting Lancia Ypsilon desde 309€/mes | MyRenting,"Renting del Lancia Ypsilon por 309€/mes a 60 meses, híbrido. Sin entrada, con seguro y mantenimiento. Compara ofertas reales.",Renting Lancia Ypsilon,"El renting del Lancia Ypsilon cuesta desde 309 €/mes a 60 meses (Híbrido, 110 CV, consumo 5,9 L/100, 5 plazas), sin entrada e incluyendo seguro y mantenimiento."
Maserati Grecale,maserati-grecale,https://myrenting.es/renting/maserati-grecale/,Renting Maserati Grecale desde 1441€/mes | MyRenting,"Renting del Maserati Grecale por 1441€/mes a 60 meses, híbrido, etiqueta C. Sin entrada, con seguro y mantenimiento. Compara ofertas reales.",Renting Maserati Grecale,"El renting del Maserati Grecale cuesta desde 1441 €/mes a 60 meses (Híbrido, 300 CV, consumo 8,8 L/100, 5 plazas, etiqueta DGT C), sin entrada e incluyendo seguro y mantenimiento."
Mazda 2,mazda-2,https://myrenting.es/renting/mazda-2/,Renting Mazda 2 desde 284€/mes | MyRenting,"Renting del Mazda 2 por 284€/mes a 60 meses, híbrido. Sin entrada, con seguro y mantenimiento. Compara ofertas reales.",Renting Mazda 2,"El renting del Mazda 2 cuesta desde 284 €/mes a 60 meses (Híbrido, 116 CV, consumo 3,8 L/100, 5 plazas), sin entrada e incluyendo seguro y mantenimiento."
Mazda 3,mazda-3,https://myrenting.es/renting/mazda-3/,Renting Mazda 3 desde 266€/mes | MyRenting,"Renting del Mazda 3 por 266€/mes a 60 meses, híbrido, etiqueta ECO. Sin entrada, con seguro y mantenimiento. Compara ofertas reales.",Renting Mazda 3,"El renting del Mazda 3 cuesta desde 266 €/mes a 60 meses (Híbrido, 140 CV, consumo 5,3 L/100, 5 plazas, etiqueta DGT ECO), sin entrada e incluyendo seguro y mantenimiento."
Mazda CX-30,mazda-cx-30,https://myrenting.es/renting/mazda-cx-30/,Renting Mazda CX-30 desde 309€/mes | MyRenting,"Renting del Mazda CX-30 por 309€/mes a 60 meses, híbrido, etiqueta C. Sin entrada, con seguro y mantenimiento. Compara ofertas reales.",Renting Mazda CX-30,"El renting del Mazda CX-30 cuesta desde 309 €/mes a 60 meses (Híbrido, 140 CV, consumo 6,5 L/100, 5 plazas, etiqueta DGT C), sin entrada e incluyendo seguro y mantenimiento."
Mazda CX-5,mazda-cx-5,https://myrenting.es/renting/mazda-cx-5/,Renting Mazda CX-5 desde 404€/mes | MyRenting,"Renting del Mazda CX-5 por 404€/mes a 60 meses, gasolina, etiqueta C. Sin entrada, con seguro y mantenimiento. Compara ofertas reales.",Renting Mazda CX-5,"El renting del Mazda CX-5 cuesta desde 404 €/mes a 60 meses (Gasolina, 141 CV, consumo 5,1 L/100, 5 plazas, etiqueta DGT C), sin entrada e incluyendo seguro y mantenimiento."
Mazda CX-60,mazda-cx-60,https://myrenting.es/renting/mazda-cx-60/,Renting Mazda CX-60 desde 553€/mes | MyRenting,"Renting del Mazda CX-60 por 553€/mes a 60 meses, híbrido enchufable, etiqueta ECO. Sin entrada, con seguro y mantenimiento. Compara ofertas reales.",Renting Mazda CX-60,"El renting del Mazda CX-60 cuesta desde 553 €/mes a 60 meses (Híbrido enchufable, 327 CV, consumo 1,5 L/100, 5 plazas, etiqueta DGT ECO), sin entrada e incluyendo seguro y mantenimiento."
Mercedes Benz Citan,mercedes-benz-citan,https://myrenting.es/renting/mercedes-benz-citan/,Renting Mercedes Benz Citan desde 417€/mes | MyRenting,"Renting del Mercedes Benz Citan por 417€/mes a 60 meses, diésel, etiqueta C. Sin entrada, con seguro y mantenimiento. Compara ofertas reales.",Renting Mercedes Benz Citan,"El renting del Mercedes Benz Citan cuesta desde 417 €/mes a 60 meses (Diésel, 95 CV, consumo 5,5 L/100, 3 plazas, etiqueta DGT C), sin entrada e incluyendo seguro y mantenimiento."
Mercedes Benz Cla,mercedes-benz-cla,https://myrenting.es/renting/mercedes-benz-cla/,Renting Mercedes Benz Cla desde 984€/mes | MyRenting,"Renting del Mercedes Benz Cla por 984€/mes a 60 meses, eléctrico, etiqueta CERO. Sin entrada, con seguro y mantenimiento. Compara ofertas reales.",Renting Mercedes Benz Cla,"El renting del Mercedes Benz Cla cuesta desde 984 €/mes a 60 meses (Eléctrico, 272 CV, consumo 13,1 kWh/100, 5 plazas, etiqueta DGT CERO), sin entrada e incluyendo seguro y mantenimiento."
Mercedes Benz Clase Gle,mercedes-benz-clase-gle,https://myrenting.es/renting/mercedes-benz-clase-gle/,Renting Mercedes Benz Clase Gle desde 1496€/mes | MyRenting,"Renting del Mercedes Benz Clase Gle por 1496€/mes a 60 meses, híbrido enchufable, etiqueta ECO. Sin entrada, con seguro y mantenimiento. Compara ofertas real…",Renting Mercedes Benz Clase Gle,"El renting del Mercedes Benz Clase Gle cuesta desde 1496 €/mes a 60 meses (Híbrido enchufable, 320 CV, consumo 1,3 L/100, 5 plazas, etiqueta DGT ECO), sin entrada e incluyendo seguro y mantenimiento."
Mercedes Benz Glb,mercedes-benz-glb,https://myrenting.es/renting/mercedes-benz-glb/,Renting Mercedes Benz Glb desde 1015€/mes | MyRenting,"Renting del Mercedes Benz Glb por 1015€/mes a 60 meses, eléctrico, etiqueta CERO. Sin entrada, con seguro y mantenimiento. Compara ofertas reales.",Renting Mercedes Benz Glb,"El renting del Mercedes Benz Glb cuesta desde 1015 €/mes a 60 meses (Eléctrico, 272 CV, consumo 15,8 kWh/100, 7 plazas, etiqueta DGT CERO), sin entrada e incluyendo seguro y mantenimiento."
Mercedes Benz Glc,mercedes-benz-glc,https://myrenting.es/renting/mercedes-benz-glc/,Renting Mercedes Benz Glc desde 928€/mes | MyRenting,"Renting del Mercedes Benz Glc por 928€/mes a 60 meses, diésel, etiqueta C. Sin entrada, con seguro y mantenimiento. Compara ofertas reales.",Renting Mercedes Benz Glc,"El renting del Mercedes Benz Glc cuesta desde 928 €/mes a 60 meses (Diésel, 197 CV, consumo 5,5 L/100, 5 plazas, etiqueta DGT C), sin entrada e incluyendo seguro y mantenimiento."
Mercedes Benz Glc Coupe,mercedes-benz-glc-coupe,https://myrenting.es/renting/mercedes-benz-glc-coupe/,Renting Mercedes Benz Glc Coupe desde 1003€/mes | MyRenting,"Renting del Mercedes Benz Glc Coupe por 1003€/mes a 60 meses, híbrido enchufable, etiqueta ECO. Sin entrada, con seguro y mantenimiento. Compara ofertas real…",Renting Mercedes Benz Glc Coupe,"El renting del Mercedes Benz Glc Coupe cuesta desde 1003 €/mes a 60 meses (Híbrido enchufable, 333 CV, consumo 1,7 L/100, 5 plazas, etiqueta DGT ECO), sin entrada e incluyendo seguro y mantenimiento."
Mercedes Benz Gle Coupe,mercedes-benz-gle-coupe,https://myrenting.es/renting/mercedes-benz-gle-coupe/,Renting Mercedes Benz Gle Coupe desde 1407€/mes | MyRenting,"Renting del Mercedes Benz Gle Coupe por 1407€/mes a 60 meses, diésel, etiqueta C. Sin entrada, con seguro y mantenimiento. Compara ofertas reales.",Renting Mercedes Benz Gle Coupe,"El renting del Mercedes Benz Gle Coupe cuesta desde 1407 €/mes a 60 meses (Diésel, 286 CV, consumo 7,5 L/100, 5 plazas, etiqueta DGT C), sin entrada e incluyendo seguro y mantenimiento."
MG MG3,mg-mg3,https://myrenting.es/renting/mg-mg3/,Renting MG MG3 desde 325€/mes | MyRenting,"Renting del MG MG3 por 325€/mes a 60 meses, híbrido, etiqueta ECO. Sin entrada, con seguro y mantenimiento. Compara ofertas reales.",Renting MG MG3,"El renting del MG MG3 cuesta desde 325 €/mes a 60 meses (Híbrido, 194 CV, consumo 4,4 L/100, 5 plazas, etiqueta DGT ECO), sin entrada e incluyendo seguro y mantenimiento."
MG ZS,mg-zs,https://myrenting.es/renting/mg-zs/,Renting MG ZS desde 369€/mes | MyRenting,"Renting del MG ZS por 369€/mes a 60 meses, híbrido, etiqueta ECO. Sin entrada, con seguro y mantenimiento. Compara ofertas reales.",Renting MG ZS,"El renting del MG ZS cuesta desde 369 €/mes a 60 meses (Híbrido, 197 CV, consumo 6,5 L/100, 5 plazas, etiqueta DGT ECO), sin entrada e incluyendo seguro y mantenimiento."
Nissan Interstar,nissan-interstar,https://myrenting.es/renting/nissan-interstar/,Renting Nissan Interstar desde 498€/mes | MyRenting,"Renting del Nissan Interstar por 498€/mes a 60 meses, diésel, etiqueta C. Sin entrada, con seguro y mantenimiento. Compara ofertas reales.",Renting Nissan Interstar,"El renting del Nissan Interstar cuesta desde 498 €/mes a 60 meses (Diésel, 131 CV, consumo 7,6 L/100, 3 plazas, etiqueta DGT C), sin entrada e incluyendo seguro y mantenimiento."
Nissan Juke,nissan-juke,https://myrenting.es/renting/nissan-juke/,Renting Nissan Juke desde 386€/mes | MyRenting,"Renting del Nissan Juke por 386€/mes a 60 meses, híbrido, etiqueta C. Sin entrada, con seguro y mantenimiento. Compara ofertas reales.",Renting Nissan Juke,"El renting del Nissan Juke cuesta desde 386 €/mes a 60 meses (Híbrido, 145 CV, consumo 6,5 L/100, 5 plazas, etiqueta DGT C), sin entrada e incluyendo seguro y mantenimiento."
Nissan Micra,nissan-micra,https://myrenting.es/renting/nissan-micra/,Renting Nissan Micra desde 514€/mes | MyRenting,"Renting del Nissan Micra por 514€/mes a 60 meses, eléctrico, etiqueta C. Sin entrada, con seguro y mantenimiento. Compara ofertas reales.",Renting Nissan Micra,"El renting del Nissan Micra cuesta desde 514 €/mes a 60 meses (Eléctrico, 122 CV, consumo 14,2 kWh/100, 5 plazas, etiqueta DGT C), sin entrada e incluyendo seguro y mantenimiento."
Nissan Qashqai,nissan-qashqai,https://myrenting.es/renting/nissan-qashqai/,Renting Nissan Qashqai desde 333€/mes | MyRenting,"Renting del Nissan Qashqai por 333€/mes a 60 meses, híbrido, etiqueta ECO. Sin entrada, con seguro y mantenimiento. Compara ofertas reales.",Renting Nissan Qashqai,"El renting del Nissan Qashqai cuesta desde 333 €/mes a 60 meses (Híbrido, 140 CV, consumo 6,5 L/100, 5 plazas, etiqueta DGT ECO), sin entrada e incluyendo seguro y mantenimiento."
Nissan Townstar,nissan-townstar,https://myrenting.es/renting/nissan-townstar/,Renting Nissan Townstar desde 600€/mes | MyRenting,"Renting del Nissan Townstar por 600€/mes a 60 meses, eléctrico, etiqueta CERO. Sin entrada, con seguro y mantenimiento. Compara ofertas reales.",Renting Nissan Townstar,"El renting del Nissan Townstar cuesta desde 600 €/mes a 60 meses (Eléctrico, 122 CV, consumo 18,2 kWh/100, 2 plazas, etiqueta DGT CERO), sin entrada e incluyendo seguro y mantenimiento."
Omoda 5,omoda-5,https://myrenting.es/renting/omoda-5/,Renting Omoda 5 desde 340€/mes | MyRenting,"Renting del Omoda 5 por 340€/mes a 60 meses, híbrido, etiqueta C. Sin entrada, con seguro y mantenimiento. Compara ofertas reales.",Renting Omoda 5,"El renting del Omoda 5 cuesta desde 340 €/mes a 60 meses (Híbrido, 224 CV, consumo 6,5 L/100, 5 plazas, etiqueta DGT C), sin entrada e incluyendo seguro y mantenimiento."
Omoda 7,omoda-7,https://myrenting.es/renting/omoda-7/,Renting Omoda 7 desde 554€/mes | MyRenting,"Renting del Omoda 7 por 554€/mes a 60 meses, híbrido enchufable, etiqueta ECO. Sin entrada, con seguro y mantenimiento. Compara ofertas reales.",Renting Omoda 7,"El renting del Omoda 7 cuesta desde 554 €/mes a 60 meses (Híbrido enchufable, 279 CV, consumo 2,3 L/100, 5 plazas, etiqueta DGT ECO), sin entrada e incluyendo seguro y mantenimiento."
Omoda 9,omoda-9,https://myrenting.es/renting/omoda-9/,Renting Omoda 9 desde 621€/mes | MyRenting,"Renting del Omoda 9 por 621€/mes a 60 meses, híbrido enchufable, etiqueta C. Sin entrada, con seguro y mantenimiento. Compara ofertas reales.",Renting Omoda 9,"El renting del Omoda 9 cuesta desde 621 €/mes a 60 meses (Híbrido enchufable, 537 CV, consumo 1,7 L/100, 5 plazas, etiqueta DGT C), sin entrada e incluyendo seguro y mantenimiento."
Opel Combo-E,opel-combo-e,https://myrenting.es/renting/opel-combo-e/,Renting Opel Combo-E desde 527€/mes | MyRenting,"Renting del Opel Combo-E por 527€/mes a 60 meses, eléctrico. Sin entrada, con seguro y mantenimiento. Compara ofertas reales.",Renting Opel Combo-E,"El renting del Opel Combo-E cuesta desde 527 €/mes a 60 meses (Eléctrico, 136 CV, consumo 19 kWh/100, 3 plazas), sin entrada e incluyendo seguro y mantenimiento."
Opel Corsa,opel-corsa,https://myrenting.es/renting/opel-corsa/,Renting Opel Corsa desde 244€/mes | MyRenting,"Renting del Opel Corsa por 244€/mes a 60 meses, gasolina, etiqueta C. Sin entrada, con seguro y mantenimiento. Compara ofertas reales.",Renting Opel Corsa,"El renting del Opel Corsa cuesta desde 244 €/mes a 60 meses (Gasolina, 100 CV, consumo 5,5 L/100, 5 plazas, etiqueta DGT C), sin entrada e incluyendo seguro y mantenimiento."
Opel Frontera,opel-frontera,https://myrenting.es/renting/opel-frontera/,Renting Opel Frontera desde 319€/mes | MyRenting,"Renting del Opel Frontera por 319€/mes a 60 meses, híbrido, etiqueta C. Sin entrada, con seguro y mantenimiento. Compara ofertas reales.",Renting Opel Frontera,"El renting del Opel Frontera cuesta desde 319 €/mes a 60 meses (Híbrido, 102 CV, consumo 6,5 L/100, 5 plazas, etiqueta DGT C), sin entrada e incluyendo seguro y mantenimiento."
Opel Mokka,opel-mokka,https://myrenting.es/renting/opel-mokka/,Renting Opel Mokka desde 342€/mes | MyRenting,"Renting del Opel Mokka por 342€/mes a 60 meses, híbrido, etiqueta CERO. Sin entrada, con seguro y mantenimiento. Compara ofertas reales.",Renting Opel Mokka,"El renting del Opel Mokka cuesta desde 342 €/mes a 60 meses (Híbrido, 136 CV, consumo 5,1 L/100, 5 plazas, etiqueta DGT CERO), sin entrada e incluyendo seguro y mantenimiento."
Peugeot 208,peugeot-208,https://myrenting.es/renting/peugeot-208/,Renting Peugeot 208 desde 295€/mes | MyRenting,"Renting del Peugeot 208 por 295€/mes a 60 meses, gasolina, etiqueta ECO. Sin entrada, con seguro y mantenimiento. Compara ofertas reales.",Renting Peugeot 208,"El renting del Peugeot 208 cuesta desde 295 €/mes a 60 meses (Gasolina, 100 CV, consumo 5,3 L/100, 5 plazas, etiqueta DGT ECO), sin entrada e incluyendo seguro y mantenimiento."
Peugeot Boxer,peugeot-boxer,https://myrenting.es/renting/peugeot-boxer/,Renting Peugeot Boxer desde 511€/mes | MyRenting,"Renting del Peugeot Boxer por 511€/mes a 60 meses, diésel, etiqueta C. Sin entrada, con seguro y mantenimiento. Compara ofertas reales.",Renting Peugeot Boxer,"El renting del Peugeot Boxer cuesta desde 511 €/mes a 60 meses (Diésel, 120 CV, consumo 5,1 L/100, 3 plazas, etiqueta DGT C), sin entrada e incluyendo seguro y mantenimiento."
Peugeot Rifter,peugeot-rifter,https://myrenting.es/renting/peugeot-rifter/,Renting Peugeot Rifter desde 309€/mes | MyRenting,"Renting del Peugeot Rifter por 309€/mes a 60 meses, diésel, etiqueta C. Sin entrada, con seguro y mantenimiento. Compara ofertas reales.",Renting Peugeot Rifter,"El renting del Peugeot Rifter cuesta desde 309 €/mes a 60 meses (Diésel, 102 CV, consumo 5,4 L/100, 5 plazas, etiqueta DGT C), sin entrada e incluyendo seguro y mantenimiento."
Renault Austral,renault-austral,https://myrenting.es/renting/renault-austral/,Renting Renault Austral desde 411€/mes | MyRenting,"Renting del Renault Austral por 411€/mes a 60 meses, híbrido. Sin entrada, con seguro y mantenimiento. Compara ofertas reales.",Renting Renault Austral,"El renting del Renault Austral cuesta desde 411 €/mes a 60 meses (Híbrido, 200 CV, consumo 4,6 L/100, 5 plazas), sin entrada e incluyendo seguro y mantenimiento."
Renault Captur,renault-captur,https://myrenting.es/renting/renault-captur/,Renting Renault Captur desde 259€/mes | MyRenting,"Renting del Renault Captur por 259€/mes a 60 meses, glp, etiqueta ECO. Sin entrada, con seguro y mantenimiento. Compara ofertas reales.",Renting Renault Captur,"El renting del Renault Captur cuesta desde 259 €/mes a 60 meses (GLP, 140 CV, consumo 5,8 L/100, 5 plazas, etiqueta DGT ECO), sin entrada e incluyendo seguro y mantenimiento."
Renault Symbioz,renault-symbioz,https://myrenting.es/renting/renault-symbioz/,Renting Renault Symbioz desde 320€/mes | MyRenting,"Renting del Renault Symbioz por 320€/mes a 60 meses, híbrido, etiqueta ECO. Sin entrada, con seguro y mantenimiento. Compara ofertas reales.",Renting Renault Symbioz,"El renting del Renault Symbioz cuesta desde 320 €/mes a 60 meses (Híbrido, 145 CV, consumo 4,7 L/100, 5 plazas, etiqueta DGT ECO), sin entrada e incluyendo seguro y mantenimiento."
SEAT Leon,seat-leon,https://myrenting.es/renting/seat-leon/,Renting SEAT Leon desde 339€/mes | MyRenting,"Renting del SEAT Leon por 339€/mes a 60 meses, diésel, etiqueta C. Sin entrada, con seguro y mantenimiento. Compara ofertas reales.",Renting SEAT Leon,"El renting del SEAT Leon cuesta desde 339 €/mes a 60 meses (Diésel, 150 CV, consumo 5,1 L/100, 5 plazas, etiqueta DGT C), sin entrada e incluyendo seguro y mantenimiento."
Skoda Elroq,skoda-elroq,https://myrenting.es/renting/skoda-elroq/,Renting Skoda Elroq desde 450€/mes | MyRenting,"Renting del Skoda Elroq por 450€/mes a 60 meses, eléctrico. Sin entrada, con seguro y mantenimiento. Compara ofertas reales.",Renting Skoda Elroq,"El renting del Skoda Elroq cuesta desde 450 €/mes a 60 meses (Eléctrico, 286 CV, consumo 15,8 kWh/100, 5 plazas), sin entrada e incluyendo seguro y mantenimiento."
Skoda Fabia,skoda-fabia,https://myrenting.es/renting/skoda-fabia/,Renting Skoda Fabia desde 320€/mes | MyRenting,"Renting del Skoda Fabia por 320€/mes a 60 meses, gasolina, etiqueta C. Sin entrada, con seguro y mantenimiento. Compara ofertas reales.",Renting Skoda Fabia,"El renting del Skoda Fabia cuesta desde 320 €/mes a 60 meses (Gasolina, 150 CV, consumo 6,5 L/100, 5 plazas, etiqueta DGT C), sin entrada e incluyendo seguro y mantenimiento."
Skoda Kamiq,skoda-kamiq,https://myrenting.es/renting/skoda-kamiq/,Renting Skoda Kamiq desde 271€/mes | MyRenting,"Renting del Skoda Kamiq por 271€/mes a 48 meses, gasolina, etiqueta C. Sin entrada, con seguro y mantenimiento. Compara ofertas reales.",Renting Skoda Kamiq,"El renting del Skoda Kamiq cuesta desde 271 €/mes a 48 meses (Gasolina, 115 CV, consumo 5,8 L/100, 5 plazas, etiqueta DGT C), sin entrada e incluyendo seguro y mantenimiento."
Skoda Karoq,skoda-karoq,https://myrenting.es/renting/skoda-karoq/,Renting Skoda Karoq desde 421€/mes | MyRenting,"Renting del Skoda Karoq por 421€/mes a 60 meses, diésel, etiqueta C. Sin entrada, con seguro y mantenimiento. Compara ofertas reales.",Renting Skoda Karoq,"El renting del Skoda Karoq cuesta desde 421 €/mes a 60 meses (Diésel, 150 CV, consumo 5,3 L/100, 5 plazas, etiqueta DGT C), sin entrada e incluyendo seguro y mantenimiento."
Skoda Octavia,skoda-octavia,https://myrenting.es/renting/skoda-octavia/,Renting Skoda Octavia desde 364€/mes | MyRenting,"Renting del Skoda Octavia por 364€/mes a 36 meses, diésel, etiqueta ECO. Sin entrada, con seguro y mantenimiento. Compara ofertas reales.",Renting Skoda Octavia,"El renting del Skoda Octavia cuesta desde 364 €/mes a 36 meses (Diésel, 150 CV, consumo 4,7 L/100, 5 plazas, etiqueta DGT ECO), sin entrada e incluyendo seguro y mantenimiento."
Toyota C-HR,toyota-c-hr,https://myrenting.es/renting/toyota-c-hr/,Renting Toyota C-HR desde 389€/mes | MyRenting,"Renting del Toyota C-HR por 389€/mes a 60 meses, híbrido, etiqueta ECO. Sin entrada, con seguro y mantenimiento. Compara ofertas reales.",Renting Toyota C-HR,"El renting del Toyota C-HR cuesta desde 389 €/mes a 60 meses (Híbrido, 140 CV, consumo 4,8 L/100, 5 plazas, etiqueta DGT ECO), sin entrada e incluyendo seguro y mantenimiento."
Toyota Hilux,toyota-hilux,https://myrenting.es/renting/toyota-hilux/,Renting Toyota Hilux desde 550€/mes | MyRenting,"Renting del Toyota Hilux por 550€/mes a 60 meses, diésel. Sin entrada, con seguro y mantenimiento. Compara ofertas reales.",Renting Toyota Hilux,"El renting del Toyota Hilux cuesta desde 550 €/mes a 60 meses (Diésel, 150 CV, consumo 7,5 L/100, 5 plazas), sin entrada e incluyendo seguro y mantenimiento."
Toyota Proace City,toyota-proace-city,https://myrenting.es/renting/toyota-proace-city/,Renting Toyota Proace City desde 323€/mes | MyRenting,"Renting del Toyota Proace City por 323€/mes a 60 meses, diésel. Sin entrada, con seguro y mantenimiento. Compara ofertas reales.",Renting Toyota Proace City,"El renting del Toyota Proace City cuesta desde 323 €/mes a 60 meses (Diésel, 100 CV, consumo 5,5 L/100, 2 plazas), sin entrada e incluyendo seguro y mantenimiento."
Toyota Proace Max,toyota-proace-max,https://myrenting.es/renting/toyota-proace-max/,Renting Toyota Proace Max desde 475€/mes | MyRenting,"Renting del Toyota Proace Max por 475€/mes a 60 meses, diésel. Sin entrada, con seguro y mantenimiento. Compara ofertas reales.",Renting Toyota Proace Max,"El renting del Toyota Proace Max cuesta desde 475 €/mes a 60 meses (Diésel, 140 CV, consumo 8,5 L/100, 3 plazas), sin entrada e incluyendo seguro y mantenimiento."
Toyota Yaris,toyota-yaris,https://myrenting.es/renting/toyota-yaris/,Renting Toyota Yaris desde 270€/mes | MyRenting,"Renting del Toyota Yaris por 270€/mes a 72 meses, híbrido. Sin entrada, con seguro y mantenimiento. Compara ofertas reales.",Renting Toyota Yaris,"El renting del Toyota Yaris cuesta desde 270 €/mes a 72 meses (Híbrido, 116 CV, consumo 4,5 L/100, 5 plazas), sin entrada e incluyendo seguro y mantenimiento."
Toyota Yaris Cross,toyota-yaris-cross,https://myrenting.es/renting/toyota-yaris-cross/,Renting Toyota Yaris Cross desde 341€/mes | MyRenting,"Renting del Toyota Yaris Cross por 341€/mes a 60 meses, híbrido. Sin entrada, con seguro y mantenimiento. Compara ofertas reales.",Renting Toyota Yaris Cross,"El renting del Toyota Yaris Cross cuesta desde 341 €/mes a 60 meses (Híbrido, 130 CV, consumo 4,5 L/100, 5 plazas), sin entrada e incluyendo seguro y mantenimiento."
Volkswagen Polo,volkswagen-polo,https://myrenting.es/renting/volkswagen-polo/,Renting Volkswagen Polo desde 272€/mes | MyRenting,"Renting del Volkswagen Polo por 272€/mes a 60 meses, gasolina, etiqueta C. Sin entrada, con seguro y mantenimiento. Compara ofertas reales.",Renting Volkswagen Polo,"El renting del Volkswagen Polo cuesta desde 272 €/mes a 60 meses (Gasolina, 95 CV, consumo 5,3 L/100, 5 plazas, etiqueta DGT C), sin entrada e incluyendo seguro y mantenimiento."
Volkswagen T-Roc,volkswagen-t-roc,https://myrenting.es/renting/volkswagen-t-roc/,Renting Volkswagen T-Roc desde 358€/mes | MyRenting,"Renting del Volkswagen T-Roc por 358€/mes a 60 meses, gasolina, etiqueta ECO. Sin entrada, con seguro y mantenimiento. Compara ofertas reales.",Renting Volkswagen T-Roc,"El renting del Volkswagen T-Roc cuesta desde 358 €/mes a 60 meses (Gasolina, 116 CV, consumo 5,1 L/100, 5 plazas, etiqueta DGT ECO), sin entrada e incluyendo seguro y mantenimiento."
Volkswagen Tiguan,volkswagen-tiguan,https://myrenting.es/renting/volkswagen-tiguan/,Renting Volkswagen Tiguan desde 411€/mes | MyRenting,"Renting del Volkswagen Tiguan por 411€/mes a 60 meses, gasolina, etiqueta ECO. Sin entrada, con seguro y mantenimiento. Compara ofertas reales.",Renting Volkswagen Tiguan,"El renting del Volkswagen Tiguan cuesta desde 411 €/mes a 60 meses (Gasolina, 150 CV, consumo 5,1 L/100, 5 plazas, etiqueta DGT ECO), sin entrada e incluyendo seguro y mantenimiento."
